sample_id,input_chamfer_distance,input_gaussian_distance,input_voxel_mse,input_pmse_2,input_pmse_4,input_rf1,input_tf1,input_tpf1,inputefr_chamfer_distance,inputefr_gaussian_distance,inputefr_voxel_mse,inputefr_pmse_2,inputefr_pmse_4,inputefr_rf1,inputefr_tf1,inputefr_tpf1,inputpfda_chamfer_distance,inputpfda_gaussian_distance,inputpfda_voxel_mse,inputpfda_pmse_2,inputpfda_pmse_4,inputpfda_rf1,inputpfda_tf1,inputpfda_tpf1,inputpfdb_chamfer_distance,inputpfdb_gaussian_distance,inputpfdb_voxel_mse,inputpfdb_pmse_2,inputpfdb_pmse_4,inputpfdb_rf1,inputpfdb_tf1,inputpfdb_tpf1,output_full_old_chamfer_distance,output_full_old_gaussian_distance,output_full_old_voxel_mse,output_full_old_pmse_2,output_full_old_pmse_4,output_full_old_rf1,output_full_old_tf1,output_full_old_tpf1,output_physics_noRandom_noTen_method_chamfer_distance,output_physics_noRandom_noTen_method_gaussian_distance,output_physics_noRandom_noTen_method_voxel_mse,output_physics_noRandom_noTen_method_pmse_2,output_physics_noRandom_noTen_method_pmse_4,output_physics_noRandom_noTen_method_rf1,output_physics_noRandom_noTen_method_tf1,output_physics_noRandom_noTen_method_tpf1,output_simple_chamfer_distance,output_simple_gaussian_distance,output_simple_voxel_mse,output_simple_pmse_2,output_simple_pmse_4,output_simple_rf1,output_simple_tf1,output_simple_tpf1,output_simple_old_chamfer_distance,output_simple_old_gaussian_distance,output_simple_old_voxel_mse,output_simple_old_pmse_2,output_simple_old_pmse_4,output_simple_old_rf1,output_simple_old_tf1,output_simple_old_tpf1,outputbaseline_chamfer_distance,outputbaseline_gaussian_distance,outputbaseline_voxel_mse,outputbaseline_pmse_2,outputbaseline_pmse_4,outputbaseline_rf1,outputbaseline_tf1,outputbaseline_tpf1
composed_00470,0.5896581317154839,0.36225873068740827,0.2314124345779419,0.10342547744512558,0.10043665468692779,0.8209492635553403,0.8871769803400691,0.9211335620597321,0.46635778249869775,0.3495167342044465,0.2179144285619259,0.05171994585543871,0.03000088455155492,0.20997372543251505,0.49433000598930066,0.5721808622410671,0.6622167062677793,0.41149253506605,0.2576167851686478,0.1072151392698288,0.10143346488475799,0.6970538462489817,0.747436539358698,0.7905491106552353,0.27303628760256243,0.14165360479327488,0.08913834542036056,0.029193501546978952,0.021526596136391164,0.7085384287444957,0.7309898507547392,0.7721892975225161,0.3353707613164215,0.22458721294419384,0.036802897602319716,0.013561177579686046,0.012353337835520506,0.9378486442075472,0.9514890633850681,0.9572026857534871,0.2723209145904555,0.18510884154043067,0.014864583499729633,0.005120564834214747,0.004302490339614451,0.960582539429422,0.9596992029416287,0.9626593693120936,0.29772117585464664,0.2002862127117803,0.021415120363235472,0.007727264473214745,0.006653475528582931,0.9460434989496302,0.9508905405424652,0.957444337360978,0.30238007923319515,0.199585583885493,0.01915690116584301,0.006277425214648247,0.00551833079662174,0.9533729728459435,0.9567194931935632,0.959852077407545,0.5224147557152113,0.3466440069927219,0.18748193383216857,0.03704579696059227,0.01835815906524658,0.316123409338421,0.7322579164010041,0.8137549363634253
composed_00471,0.36807970183626904,0.19121905428763955,0.08623762913048268,0.02853065941017121,0.020359847950749098,0.8351155876545345,0.8685574280002617,0.8629932800233717,0.4369958513436374,0.3062885591958384,0.22569254413247108,0.04388654138892889,0.019972826819866896,0.1572360209667376,0.4554958777855861,0.555411150334289,0.38792717576998187,0.20212751418037583,0.10541845932602882,0.030155151151120663,0.020096669532358648,0.7595536341893734,0.8091018716339728,0.8058930866994644,0.389139186749733,0.20782146758946568,0.13134130835533142,0.035699402540922166,0.02162952199578285,0.6459041937235719,0.7214357934696943,0.7502339232084095,0.3056221290694677,0.1878899289156659,0.029262450709939002,0.00734961936250329,0.004497891804203391,0.8879477494348695,0.9051053290398915,0.8937167053569975,0.20272254517581006,0.13947899501104774,0.018213541805744173,0.0037119547603651883,0.0020189208793453873,0.9193424129423938,0.9212353973471336,0.9047580918129776,0.27087637783670926,0.1739538655263614,0.02473234012722969,0.005197296151891351,0.0027298965025693176,0.9026736360562115,0.9124952961551511,0.9053831043625763,0.23890827169914394,0.15700428348220574,0.021045979857444764,0.004052093555219472,0.0020344009157270194,0.9110439867321245,0.9163322885530777,0.905559654432946,0.6847873657166603,0.39311777871848447,0.24980240166187287,0.0472627155482769,0.022962529584765433,0.23931627004917636,0.6649123750677308,0.7663368072872734
composed_00472,1.422734789427292,0.5262481206041314,4.0099327802658085,1.9431224942207337,1.911506962776184,0.5399838398222937,0.7425494732736672,0.821251830924761,1.2710347463363012,0.5803648248032071,1.038886420428753,0.4209321402013302,0.3890701252967119,0.1625306619558948,0.4281092241875615,0.5238888683828519,1.4521328341068616,0.5367601228802475,4.0244875192642215,1.9416975378990173,1.907417631149292,0.4596838413068295,0.6544727369457464,0.730033722241601,0.8317699000725499,0.34179311723657163,0.5355933383107185,0.23722470924258232,0.22269881553947926,0.5245394836215828,0.6110189404054452,0.673014487096841,0.3887370298403288,0.2384958721333291,0.16231933385133743,0.05790543593466282,0.0506028838455677,0.7395250417398003,0.811077309151172,0.8388550715098917,0.5121358522124432,0.3148707139919338,0.27332658171653745,0.08833094388246536,0.08130696080625058,0.7146043197114843,0.8258761173774577,0.8456676166119159,0.4639495129891721,0.2813244049666462,0.23986596763134002,0.08341053202748298,0.07597305923700333,0.717206361042997,0.8220328245613262,0.8507677940506444,0.3778658987678917,0.2255562569675642,0.11274308115243911,0.03916283026337623,0.0319802975282073,0.7626324256405523,0.8199735802813253,0.8503637978759698,1.2584903225094755,0.5534935733187221,0.9802713215351104,0.324403116106987,0.2866255924105644,0.2578802473532419,0.6247134438883452,0.7439815660933959
composed_00474,3.1093522223754086,0.7899354846042511,1.0140581157058477,0.4583947473205626,0.4331945995334536,0.3406902956558139,0.46362509225016896,0.5175803840735184,3.4018787228126746,0.7646469856444107,0.2988284267485142,0.11234200838953257,0.09783182386308908,0.06702592092237779,0.25467207088093763,0.3283260911281411,3.143332721651702,0.8003957819973003,1.0158535994589328,0.4554444822482765,0.42940021730028094,0.2982842111702693,0.41783868733735685,0.4687774297287156,3.298597628328035,0.7447349058361553,0.3408545680344105,0.1485057059675455,0.1347639742307365,0.28983511334900003,0.3702654717457913,0.4112581412502287,0.6760848344604022,0.2511860513892412,0.12368798702955246,0.0528127028606832,0.04884248292073608,0.5621331297546731,0.6092301470607694,0.6145584931207865,0.7156754829158994,0.3271251431383965,0.13131990432739257,0.04804454492405057,0.043948732689023016,0.6293585226265741,0.7449435182000134,0.7489928199115102,0.5383221302224929,0.2848035878717524,0.12428865730762481,0.04566401103511453,0.041374793462455275,0.6424747723783231,0.7478585259375202,0.7451869591855336,0.6391927108164162,0.28825834552402213,0.10823632590472698,0.041837260220199825,0.037795979809015987,0.6347094755299316,0.7227473327963903,0.7451306538087314,3.1675514134206746,0.7598478649348603,0.29515250623226164,0.08536320086568594,0.06694868495687842,0.15275732647568196,0.4075208924623158,0.4862450872964471
composed_00477,2.383188648231937,0.7824121270361285,2.2831674456596374,1.0180504381656648,0.9414702504873276,0.21585014177175776,0.3516145429084977,0.4787109656012092,2.241281431706956,0.7509520427024121,0.8646286800503731,0.3316251076757908,0.2852288633584976,0.10552450457275796,0.2645378969715427,0.35547762811622236,2.396071567150974,0.7883510254782563,2.280613422393799,1.0117103993892669,0.9344234734773635,0.19222698292938042,0.3280365108946737,0.45181013943171083,2.3850396106335765,0.6828396853533832,0.5493684828281402,0.22922914549708368,0.20195011124014856,0.27235966788400556,0.37859621535511556,0.464449169224205,1.0031306172199006,0.3881423052494177,0.3083598628640175,0.12905751615762712,0.11592198684811592,0.47067911434141757,0.5469205889861243,0.5808012684294183,0.5753368205908873,0.2691794857145616,0.2701961323618889,0.1079768069088459,0.09600049033761024,0.5290707341013634,0.5965050310378374,0.6019194844207372,1.2012881543339227,0.40552700286837584,0.29839713126420975,0.11304663121700287,0.09894655272364616,0.4683627525217938,0.5257557138253561,0.55241927429124,1.4126989164099086,0.4606716396122102,0.3079308271408081,0.11705452352762222,0.10210477337241172,0.4500679605156144,0.5186103133097308,0.5488753721455593,2.230816358697045,0.7412182952924677,0.7709144651889801,0.2504313915967941,0.20884789228439332,0.15369216813822628,0.36908577313759616,0.47139477627398263
composed_00478,1.1670364204477646,0.5559622851620127,0.614821708202362,0.2906441330909729,0.283665531873703,0.49856637425696776,0.6000218627586864,0.67192334752787,0.8624486656467065,0.43230373791883836,0.6975342780351639,0.2686150446534157,0.24253177270293236,0.15365104546819705,0.412026971828483,0.5079898709279318,1.207769845023408,0.5756934699945893,0.6377482891082764,0.2930905848741531,0.2834798783063889,0.44937084383703774,0.5532217224529232,0.6201627214234776,0.9379374877221998,0.4119020549747118,0.527955162525177,0.23351870626211166,0.21843506544828414,0.4429398962605025,0.5269294825991561,0.5827334317831074,0.24636727236295805,0.14559683943310248,0.31364428997039795,0.14860855042934418,0.1453389510512352,0.8510330607779203,0.8929807929794709,0.9060131015623956,0.16150238552224136,0.10343159904515731,0.24541340470314027,0.11572925001382828,0.11253203451633453,0.8914983364007739,0.9099298277352666,0.9139407974020936,0.2054135905196636,0.12917504485932443,0.23199544250965118,0.10801251158118248,0.10459330901503563,0.8811601532283131,0.9096038931519802,0.9142951474865528,0.22770439027221087,0.14140651789526723,0.35866129100322724,0.16391723603010178,0.16077280193567275,0.833736142516923,0.8982738651183707,0.9103355954504794,0.9343054256396974,0.46287575567004285,0.6092235565185546,0.21743989288806914,0.1924963638186455,0.2713863282686916,0.5822528638164518,0.6597905253112075
composed_00479,1.3343220447704849,0.7012276032758507,2.904527384415269,1.3979284989181906,1.385583307268098,0.2730135107770004,0.3969523012925017,0.500772199386371,1.315393001592559,0.6973203720689412,0.4719855710864067,0.2065487802028656,0.19846563413739204,0.09410318924007931,0.22723673255055724,0.3281294162403566,1.3363834942979758,0.7027090216406402,2.879885993897915,1.3866928332485258,1.3740056584589184,0.22781330359839802,0.33456387216696026,0.4309079395532248,1.4801401675497923,0.6609619302677621,0.6508762277662754,0.31146209137514236,0.3064448781311512,0.25580150319860717,0.30317838143042025,0.3614792537312495,0.4367674762442204,0.2853337025956157,0.2700164385139942,0.11701450506225228,0.11390768121927977,0.5520142259362696,0.6467006957095507,0.6347927201725974,0.4503079020694099,0.27452531124427176,0.2880307637155056,0.11125844493508338,0.10814293844159692,0.5511369517155276,0.6843248236812135,0.649956432227496,0.6212359957545543,0.3668948172907509,0.3621574655175209,0.1244683114811778,0.12109873539302499,0.5034008887708319,0.6824993881436983,0.649028516549994,0.4073597732401388,0.2507616955373406,0.2203901305794716,0.08942252672277391,0.08601364495698363,0.6069221812683852,0.6855411829480936,0.654421238316764,1.5090222964254856,0.7513969741104914,0.6964403510093689,0.23224691301584244,0.2099001169204712,0.13641313660016616,0.3449652441604311,0.4575897796210816
composed_00480,1.193909194088286,0.6090534912480338,0.6093734562397003,0.23941043093800546,0.19796260800212623,0.3078010734149309,0.4439488813275137,0.5368319397633385,1.0249678864248164,0.565837244227082,0.351890467107296,0.10500045865774155,0.07411219412460923,0.08764867890870358,0.25224524808572435,0.3520071547123869,1.2010852813990862,0.6231661110100759,0.5900080531835556,0.22797429263591767,0.18706720005720853,0.25861723677555026,0.39708044843523743,0.4985224616105248,1.1575389924044528,0.5718726603478604,0.5113029032945633,0.1941057737916708,0.15595841836184263,0.25113162982124876,0.3864515747738289,0.4861691818888879,0.6615964183318725,0.3750347699939789,0.13393432646989822,0.036739980429410936,0.02471396643668413,0.3067715345585914,0.42589674224773466,0.5062496727641721,0.5197022188955198,0.3198408783926017,0.1277235507965088,0.03488327004015446,0.023224353045225143,0.3048794444145838,0.4144326448066732,0.4776132201245728,0.826594565137517,0.4313629599086183,0.14023120403289796,0.03556997738778591,0.022502260841429235,0.32645598405146165,0.4502501179867668,0.5436474722509562,0.738124420854934,0.38001027218574307,0.12700846344232558,0.03235052525997162,0.020515645295381545,0.3306124047132113,0.44692069710709026,0.5312119962550074,1.2423137811054128,0.6050223152938546,0.3619523897767067,0.09816553629934788,0.07311828285455704,0.16971350856888784,0.3976277029353029,0.516235578599785
composed_00481,1.0036523833833704,0.5373978476379524,0.6690778017044068,0.3094569116830826,0.3013742581009865,0.5180508553457872,0.7031766030882082,0.7903943796915829,0.7573138534241315,0.4466622358632414,0.43930643051862717,0.16580960899591446,0.14979707077145576,0.1637265606219675,0.4245516555986455,0.5230610753879196,1.0393745959599077,0.5578970374309404,0.6854217946529388,0.3108593255281448,0.3009329527616501,0.44644139532659166,0.6229159859172763,0.7131715575955958,0.6876051417876372,0.3235270655571943,0.34889900386333467,0.15470657199621202,0.14666829258203506,0.5498985438454734,0.613018721097147,0.6709917860644935,0.3067886287494211,0.22050331416861887,0.20624300241470336,0.09289667010307312,0.08919205851852893,0.7989747743512013,0.8271282370904899,0.842379183760311,0.27155991287899134,0.1976370336402457,0.2009224474430084,0.08669369518756867,0.08302268162369728,0.8187813269068173,0.8371018578722123,0.8440209059195876,0.29168071979728116,0.2081757605564607,0.20529508143663405,0.08888228535652161,0.08517223224043846,0.8139292562893725,0.8427838463510449,0.8529286120409472,0.28617741194022467,0.20343716574803367,0.16539917290210723,0.06994208618998528,0.06637732088565826,0.822541474473946,0.8485401779662919,0.8563375540766824,0.9103943154507864,0.5203710550280125,0.4440773129463196,0.14233724027872086,0.12290452122688293,0.2305319629702683,0.6081365657614004,0.7184140829586312
composed_00482,2.1348805128607102,0.7996140041839721,1.1786775588989258,0.553229421377182,0.5378086745738984,0.21928408283089168,0.34874216910909545,0.45754124423053655,2.2394746134802013,0.7792280383882226,0.15031524747610092,0.049421526491642,0.03587161609902978,0.08302677890399499,0.26218911796296085,0.32208487933513164,2.1505360500650825,0.8051209026077222,1.1817935347557067,0.5525545358657837,0.5365399420261383,0.19111952472544386,0.30535482015631865,0.3909742213968865,2.085255661886191,0.7239412176027493,0.19677189439535142,0.08197734653949737,0.07081367596983909,0.3285737514726047,0.35669227210120347,0.43493134873034345,0.7696417273634936,0.4137835719955778,0.0879767268896103,0.03249110952019692,0.023248103260993958,0.6322538496406556,0.700500803537145,0.7650087244722583,0.558593680373192,0.36291349041613924,0.1273628741502762,0.051403879374265674,0.04203530550003052,0.6924068296067803,0.7791425732061962,0.8025465185248841,0.5986084673027788,0.3739560024264244,0.11837263852357864,0.04630392454564571,0.037125292047858235,0.6832409735817104,0.7753776762655711,0.7968415329335332,0.6080469913374692,0.375821013083699,0.14451358914375306,0.05950625538825989,0.050204582139849664,0.6675170133297432,0.7423308282543375,0.7818572990730102,2.2328387687036773,0.7986339260604107,0.21701074242591858,0.05472949221730232,0.03585105948150158,0.1459413424055938,0.381145686163768,0.44490196424685485
composed_00483,4.387623363273958,0.7625557168686504,1.2800411694683134,0.5442974526202307,0.5225607835454866,0.3325780758849591,0.5577263244186872,0.5967284614583497,2.1382766667053654,0.6424435605571367,0.7264179587364197,0.31363655999302864,0.2967815659940243,0.1307601572583419,0.36364804579506455,0.4180037026768823,4.436763736645013,0.7636390448429875,1.2727352568879724,0.5386667903047055,0.5163686549640261,0.24524750922316224,0.43863427855161385,0.46373619649457415,2.6682252494649124,0.8296446866158531,0.6997022397816182,0.329095592815429,0.3188037447980605,0.15324008261154648,0.27742410419321745,0.3306171142292348,1.253494460337803,0.6488868175322091,0.4041747192852199,0.19387728702276946,0.18901709470665082,0.3114053483325008,0.4672394823726401,0.5224742301445265,0.6044921544048367,0.3795519747823498,0.37523306617513297,0.1773581119487062,0.17242624334758147,0.438109730674266,0.5624423588449475,0.6324579834528714,1.1748318137021783,0.4821213101614576,0.39327497938647865,0.1841045436449349,0.17879107231274247,0.39044584353849343,0.5651919793639179,0.6367813382071424,1.2399158121339444,0.5395915666456487,0.39310612678527834,0.18669061553664507,0.18152176049770788,0.3631799377666887,0.5206397073676098,0.5880546928204539,2.406603221374303,0.731918795733871,0.6403788980096579,0.2513058266136795,0.2334563264506869,0.22765527034355904,0.4827445761196765,0.5426787102818232
composed_00484,0.9948804571469179,0.45784396499811614,0.20450219437479972,0.07511554956436158,0.06934651508927345,0.5841483873610405,0.7341661719223491,0.7902717463945734,0.49963696461576407,0.29322027062862444,0.1930810511112213,0.049372890032827854,0.03387249633669853,0.1642409060654177,0.40720302633069244,0.5045701055475267,1.0802876929926697,0.49667976989792667,0.223011314868927,0.07742833457887173,0.06956827975809574,0.5021381027322414,0.6566326711643272,0.7131332604657793,0.6472123297425197,0.3018817987640399,0.13196370303630828,0.04342234320938587,0.035029714554548265,0.51265739641658,0.5967852310261058,0.6585328508214778,0.24876478020018503,0.17441647417218922,0.06228084415197373,0.022391733527183533,0.01960862462874502,0.7709141288091909,0.8188057857844466,0.8523065667859798,0.2261328343613704,0.16189056315044467,0.06027026437222958,0.022124298196285964,0.019422676088288425,0.7730420623863065,0.8169078444384119,0.8507215230247883,0.2905977943136167,0.19916727612867402,0.06852555312216282,0.023056111577898265,0.02027124520391226,0.7678904118913215,0.8419200705006589,0.8709521079773885,0.3073517997592445,0.20893043782206308,0.07375260442495346,0.02403474929742515,0.021205154107883574,0.758760145234219,0.8370658310880618,0.8665211432494392,0.6652194329527006,0.35731557604088393,0.18307071924209595,0.038422780111432076,0.02374362414702773,0.2837023221805838,0.6479527143002093,0.7436706049596135
composed_00487,1.1731354007614314,0.5256021997973311,0.07744238004088402,0.022937825322151183,0.016432342398911715,0.4915291460445843,0.5861920582215803,0.6266658882872372,1.1566981838761075,0.603375742952448,0.09273274801671505,0.022086817771196365,0.013170401332899928,0.10384833260563231,0.28280476148283024,0.3261917683129831,1.2749190509977661,0.5653656602388286,0.08114542663097382,0.022943918965756892,0.016086244955658913,0.4032137983957731,0.493641620149096,0.5398788418157124,1.0511736294275458,0.494736310845904,0.07464583292603492,0.019520772341638803,0.012461771536618472,0.39880535149018387,0.4907234152262264,0.5375267972311752,0.6834520845777419,0.40132279700326706,0.04513395130634308,0.011930847214534879,0.007905710767954589,0.5706228625831754,0.6668092123464268,0.6911185905490042,0.4684920862474167,0.3159479716411662,0.038426025211811064,0.010336517309769987,0.007082811906002462,0.5929841339047867,0.6773139124486416,0.6942053193040323,0.7075702536218001,0.4048975336351276,0.044002196937799457,0.01128752650693059,0.007389544136822223,0.5731791030932436,0.6712258841309703,0.696603169335087,0.7632999478706514,0.419174383877474,0.04598388671875,0.012630859343335032,0.008794372458942235,0.5689979804965706,0.6647222829019359,0.6876468263318385,1.1767646547880728,0.6078932878094842,0.11059309840202332,0.02167002335190773,0.011881876643747092,0.18980399059151548,0.5106468538169661,0.5683886905817195
composed_00488,0.04683824839781454,0.03660137436452834,0.07693082764744759,0.019699890166521072,0.012997024366632104,0.8269444892977234,0.9134359517830628,0.9537264189394403,0.28806748758538725,0.22167636675368954,0.22466298192739487,0.044493320398032665,0.021610949654132128,0.14971349277696488,0.463893540436555,0.5831752739532172,0.051071848239489195,0.03869408936849137,0.0956275224685669,0.021101328544318676,0.012417904939502478,0.7246896900764288,0.815914579746287,0.8508746377029185,0.057574084812004094,0.04430748250116575,0.12568090707063675,0.030445465445518495,0.01776151265949011,0.592391540544509,0.7146608844117035,0.7828237460655136,0.21761809921195185,0.15684217959947305,0.05570288076996803,0.012339711375534534,0.007283989060670138,0.8311868724257007,0.8962953957887143,0.934161751168876,0.21800260670301227,0.15708755040036773,0.06314778700470924,0.014450744539499284,0.008794372668489814,0.8300479112325924,0.9049649351627244,0.9420742344466188,0.21971907407651525,0.158676441630221,0.05220027640461922,0.010812021978199481,0.005963081400841475,0.838136365205082,0.9034229878035381,0.943573013622492,0.22440923716532624,0.1629848186832899,0.05603002905845642,0.012207102403044701,0.006908551603555679,0.8256161452459908,0.8912539170936509,0.9344861593448875,0.3106406791918966,0.23847797632340034,0.22189160585403442,0.0396022342145443,0.017394933104515075,0.24106259808799516,0.723303259378083,0.856327179919729
composed_00490,0.9405635328473705,0.4432487651217055,0.13412711322307586,0.04229449406266213,0.031720972061157225,0.5249071519722296,0.5646437057721508,0.6514266635875019,0.7980636913643516,0.4210119987711998,0.1728743501007557,0.03776718210428953,0.021073208190500736,0.17520047824780371,0.39800671945684174,0.46752285898857604,0.9929831009866175,0.4667761617481543,0.14413623362779618,0.04183123707771301,0.029714310169219972,0.45859971359440277,0.5239703233774352,0.6142771961299138,0.9544199203948837,0.4465589839262364,0.13686531782150269,0.03845653310418129,0.025817446410655975,0.4455251171392982,0.5006268898450967,0.5894813277740311,0.23985992596761194,0.15885138916814992,0.05315014570951462,0.012771636992692948,0.008131253346800805,0.7034958512657478,0.7332175092474774,0.7522434069785673,0.21407334362074937,0.1456858278582383,0.05171752944588661,0.012142486684024335,0.007457344047725201,0.710076171547059,0.7399295854615916,0.756145801747086,0.25017981784343807,0.16358192866936674,0.05108951851725578,0.011701497249305248,0.007082005683332682,0.715505232748171,0.7484115460096543,0.7684004397554893,0.25070302861742505,0.1633157142962688,0.051196207851171495,0.011654734425246716,0.0069779383949935435,0.7164122960020696,0.750773769014551,0.7698683738477852,0.8493155246400328,0.44022307887806056,0.17096354365348815,0.029904581233859064,0.013600840419530868,0.2668145856133023,0.539558725459967,0.6191380863763685
composed_00491,1.7172167705824006,0.8302293565371015,1.357789647579193,0.6371515274047852,0.6192399680614471,0.12803108202388602,0.29707693694807097,0.4618778460579164,1.4613317003648854,0.7913376206818828,0.13553426042199135,0.04250915581360459,0.03292985900770873,0.07244674161848431,0.21510546106269315,0.30968675877550855,1.7359014666273667,0.8378074950779363,1.3562788248062134,0.6339934408664704,0.6156032025814057,0.09319769146176586,0.24647401733161955,0.3907748085522784,1.3575137227097933,0.7489352998981365,0.19679541066288947,0.07966109421104192,0.07195465825498104,0.2509996943491193,0.29369209484656034,0.3804270416372183,1.305395026048063,0.6183654490960449,0.04563330039381981,0.013426249101758003,0.009740895405411721,0.46856979778498636,0.4868948556909801,0.5371236830378375,2.0528214554571327,0.7519889277162188,0.11283309012651443,0.04674905389547348,0.04282115884125233,0.3850888728758456,0.460348872309612,0.5250505735614823,2.132034335136768,0.7789896848445026,0.14998526871204376,0.06385753229260445,0.05950599946081638,0.3692455394662543,0.4460385824753538,0.5198232497278465,1.7958669432114547,0.7473004518033973,0.1014773778617382,0.03848173003643751,0.03349331635981798,0.3606700597551481,0.4315602255975895,0.5153626736650513,1.5543213116100782,0.7972482634060181,0.1983070492744446,0.047267526388168335,0.03276253454387188,0.09106266596124449,0.3123929629665141,0.44043459776476823
composed_00492,0.7186510108704545,0.1994241802929375,0.03581779012456536,0.011907643871381879,0.009452771407086401,0.8384728872592728,0.8387535168091746,0.8685379354140903,0.6689865303885612,0.3195851264760948,0.18612436950206757,0.039128100499510765,0.02053921716287732,0.2305491842912196,0.5347609744853529,0.595401063449863,0.8035301692334803,0.22205409084407132,0.05828360989689827,0.015021962672472,0.010211143316701055,0.746891316527987,0.7677189587656177,0.800679784586519,0.8434687272559934,0.23134278107020156,0.08488289490342141,0.02448314391076565,0.016337364539504053,0.6837549216222408,0.720709727294656,0.7623189045453692,0.2107885578612597,0.14636931446761758,0.01475716158747673,0.0053937175078317525,0.004702728253323585,0.9368967240129065,0.9450776689066,0.9464047255349382,0.20233554904417783,0.14332616738840714,0.013957112841308118,0.004937754315324128,0.004227831482421607,0.938976733255012,0.9485440907939597,0.9501518906224973,0.22522934314152607,0.1527125377880474,0.014239257853478193,0.004655802412889898,0.003824239072855562,0.9375810816588761,0.9469598033900031,0.9493972871828171,0.22143972727226796,0.15072434938226717,0.015368490014225245,0.005421305354684591,0.004616241506300867,0.9353833934934188,0.9446787976205233,0.9468490712462494,0.6720198081826695,0.3069687856162026,0.17109138667583465,0.02989950552582741,0.01290239728987217,0.3431487971636419,0.7494711601792333,0.8035388159629495
composed_00493,1.1121347483324517,0.31104078392324386,0.05819807983934879,0.018886393029242755,0.013512990390881895,0.7368374075548918,0.8150954152933754,0.820272758127133,0.7927575454480273,0.4472777844089255,0.08174946904182434,0.0205438993871212,0.013241450069472194,0.1214532517744989,0.34710657633305353,0.4086607109154927,1.2390753265222296,0.3421298847955853,0.06433072946965694,0.019026285409927367,0.013069381611421705,0.6071591166598862,0.6700147076715102,0.693114736066387,1.128865884946846,0.32891939527236963,0.0716490887105465,0.022828186489641668,0.016217412240803242,0.5888049226670118,0.6577592067097573,0.684192418823051,0.5742344484741727,0.32275923154131053,0.02329394556581974,0.00651192213408649,0.004807769809849561,0.7966885126816353,0.8480624484510602,0.8433322204437423,0.5319170759958727,0.2928839166415906,0.02142333984375,0.006326110893860459,0.0048461507074534895,0.8177913775748212,0.8693563191224756,0.8619858453633575,0.6801111043913438,0.34071663235807725,0.023943034000694752,0.006192667642608285,0.004371826164424419,0.7910435083489596,0.8457885253220601,0.8423454430864867,0.747770054676835,0.3481484530031088,0.0254960123449564,0.006932037184014916,0.004977750219404697,0.784470235003309,0.8468744449046888,0.8459361870078,1.3039416574681184,0.5241097133568997,0.09887565076351165,0.021483764797449113,0.012827967293560505,0.21053851774734386,0.6367057336291999,0.7018614542784268
composed_00494,1.4920643588693994,0.7141699149753693,1.5878621459007263,0.6685762345790863,0.571113896369934,0.3294816963583179,0.5446321733509945,0.6393571065933937,1.8314025770907159,0.7689742481803188,1.717938806861639,0.5737258000299335,0.419258798006922,0.1025288301054699,0.34585907725108794,0.45325279799459195,1.527263318664422,0.727539196317607,1.545764648914337,0.6386707603931427,0.5414425790309906,0.28347658399507847,0.49866847892339833,0.5868331943572844,1.793051501393682,0.6626046265698068,0.5825444519519806,0.23622129261493682,0.19996089190244676,0.37657322686886163,0.4729991383665365,0.5387394666442464,0.4939074827606386,0.27461901641181197,0.08673608303070068,0.024309905618429183,0.014783648028969764,0.658027873635923,0.6705619010489479,0.6904203908018465,0.3027610479271264,0.19177439426301757,0.0773345559835434,0.022466664016246796,0.013885185308754443,0.6920006605492512,0.6978984142498371,0.7059362598867194,0.716220900363435,0.3949916513808224,0.1089247226715088,0.02705693580210209,0.015386441722512245,0.5839397146904698,0.641952880478837,0.6923933664447094,0.6476925517431086,0.3604337136670741,0.10062605887651443,0.02588963843882084,0.015012774243950843,0.6073181949478783,0.6482127363835655,0.6896160066891229,1.7796051706683744,0.7516091710809785,0.8750218152999878,0.3005851209163666,0.25571017563343046,0.1404773565091184,0.47091799883410246,0.5926939640949052
composed_00496,0.7242361732949643,0.43300569531549554,0.04921378530561924,0.017375477962195872,0.013306988775730133,0.6297009632206427,0.724596826193463,0.7414209312280087,0.9463861115550786,0.6311999721597703,0.06868937239050865,0.016677016858011484,0.009718888672068715,0.11281951197643562,0.3303998052194892,0.3832378235746812,0.8250293498565646,0.49164722507933245,0.055023356527090075,0.017303903959691523,0.012726290430873633,0.4730850280450841,0.5467185923270284,0.5815766362388753,0.800951426825537,0.45133739526585304,0.046193928271532056,0.013655629567801952,0.009245297778397799,0.4822174266423061,0.5428834824009834,0.5786128732765431,0.4680815666897145,0.3571066484802804,0.012764404341578484,0.003162974049337208,0.002060483302921057,0.7990367291156062,0.8356826716045458,0.8443323221854513,0.48318192756911255,0.3642444192408383,0.013060140050947666,0.003169871005229652,0.0020068588433787226,0.7966270563979666,0.8287431131258461,0.842728535457773,0.6322415003368139,0.44459065549179994,0.018877767212688922,0.0051879883278161286,0.00360231027007103,0.7391922926363603,0.8039199429435554,0.817355504277215,0.5210545849322453,0.38275526701023416,0.013248453848063946,0.0031056010629981756,0.0019371821312233807,0.7882661122672561,0.8259120718912335,0.8358986866469861,1.0444888721656527,0.6627991171425504,0.08373152762651444,0.017829823680222033,0.010847719665616751,0.170860990454271,0.5730843376210774,0.6319393727778437
composed_00497,2.402417935246209,0.7264910383725031,0.8760765795595944,0.3996118804672733,0.3802515301737003,0.42021978938517535,0.4662842617830131,0.5337639978888712,1.0870775262358248,0.4804521337493543,0.5813954621553421,0.24775464087724686,0.2290107198059559,0.18228699858153888,0.39381569956713325,0.4543904210728983,2.435553032699034,0.7385586926380863,0.878257418051362,0.39694135533645747,0.37628190079703927,0.37812422391568346,0.4157853396859905,0.47535513614460767,2.745243396243248,0.7046317131532378,0.5613121755421162,0.2635658964514732,0.2509523885324597,0.33902721622161514,0.34048364706434053,0.41155369030054817,0.24881498372579278,0.13304386458185952,0.3527544716373086,0.17004846807103605,0.16624533002031966,0.698173867520018,0.7072015103543589,0.736408548535772,0.3387381562815457,0.20179897348587822,0.33347704764455555,0.14557422038633377,0.14144667593063787,0.7334739689440186,0.8032743869785944,0.8097608951618908,0.293550453574737,0.16688723087481344,0.3115791084244847,0.14165051586460323,0.1376747703179717,0.7309275090928443,0.7783220912782879,0.7927320997377925,0.32884002285067865,0.18283556912967217,0.34151904061436655,0.15534383193589746,0.15135987305548043,0.7015441818351785,0.7598249570948898,0.7758122105045068,2.25270625428754,0.6559909904697887,0.5142334848642349,0.1992843307554722,0.1820299282670021,0.24384377444549504,0.40808453880365025,0.4602969555538047
composed_00498,0.4390367989742158,0.31517533161103417,0.06926358938217163,0.015780812408775092,0.008382041798904538,0.712367645967897,0.7448382515193801,0.787861461294381,0.5524505050776433,0.4203107711747511,0.1473580915480852,0.02759787254035473,0.012688550865277648,0.16613293627919803,0.41986126462721723,0.4922624609671684,0.4829908557619833,0.3450433516825864,0.08409472778439522,0.01744020599871874,0.008664021920412778,0.5999163604558201,0.6307513210971442,0.682096069381011,0.49541045645774034,0.352694285878533,0.09455664157867431,0.022244791314005852,0.012161539867520332,0.556172815280623,0.6014784710513454,0.6612188041105121,0.4953819453106917,0.36210325405995275,0.04667879231274128,0.009212758485227823,0.004202939406968653,0.7677738858421279,0.7789444207502756,0.8165858553151841,0.4264991590377397,0.3184180666193941,0.03487418591976166,0.006714396039023995,0.0032004902604967356,0.8003444679445298,0.8065299173963222,0.8332445767407345,0.5420137517236668,0.3965037162079905,0.055527831241488454,0.01164115397259593,0.005753651866689325,0.74096430850537,0.7642407687486186,0.8049820639764196,0.5312937187384459,0.38746846400411195,0.051883626729249954,0.010862772632390261,0.005393585073761642,0.7489249750717274,0.7692966818331907,0.8082026983211916,0.6256248944480322,0.4674333467902686,0.1597180187702179,0.02676358036696911,0.011345268227159977,0.23469010992138745,0.6236210949000487,0.7060079592143763
composed_00975,1.8006207058204773,0.49514863604898923,0.2308656398206949,0.10762757295742631,0.10417812798405066,0.6974657438485675,0.856083762914529,0.9042046981252347,1.6261079022784322,0.5844223046193311,0.12705831043422222,0.03807718958705664,0.02980118989944458,0.12949579705499775,0.379128329003215,0.45853582211267857,1.9885451788094366,0.5457736525988371,0.2457827154546976,0.10911224423907698,0.10416585600469261,0.5543207431600317,0.6866373895085361,0.7445005780838024,0.8704293155015667,0.23156900732908192,0.06767455972731114,0.024660573154687882,0.021324440091848373,0.6835091642204532,0.7140351451394382,0.7566875470716465,0.4189609893032457,0.29858298510575765,0.027589762490242718,0.010649810754694044,0.009594296803697944,0.9014514480746317,0.9272129574202344,0.9401802142177003,0.44045666903010644,0.33193217991179746,0.04093798911198974,0.016218282491900028,0.01523707058513537,0.8883287709884126,0.9312759234113968,0.9446191571133898,0.49973866682402424,0.3418739345128957,0.03773168921470642,0.014866790804080664,0.013351768429856747,0.8754698196656966,0.9240090948854058,0.9407260879359276,0.47633588819047445,0.3341449118483495,0.03541129548102617,0.013991923024877905,0.012617060309275984,0.8833632221299534,0.9288927109546646,0.944262006227412,1.2322133157295811,0.5391647351114548,0.12646411061286927,0.02693299315869808,0.017222694493830203,0.20731511341949452,0.6642397723356825,0.7578358350505277
composed_00976,1.375156905787072,0.6385648210983785,0.8446660280227661,0.34203159511089326,0.3101791650056839,0.3394555634034758,0.5541706551702246,0.6844469660374315,0.8134861551303082,0.45444850621159266,0.27080901339650154,0.0631138738244772,0.03912501269951463,0.1273429458418648,0.3651850294543806,0.4645885220985581,1.4236950942466806,0.6589938119633494,0.8513285279273987,0.33914944231510163,0.30651864409446716,0.2903949880132944,0.504890591672157,0.6293625443941288,0.7451079994894685,0.4013214686745856,0.24492968916893004,0.07700638845562935,0.05881618857383728,0.44518685484901743,0.5532414352289943,0.6235078675459758,0.2895071495094633,0.20474640231735877,0.10329321324825287,0.030158701166510583,0.022229204513132574,0.6605768775343456,0.7002402985288276,0.722439023307011,0.2793219514752555,0.2057557084143537,0.11079174727201462,0.032722503691911695,0.023681307211518288,0.6653552886119827,0.7052441688174642,0.7260984631201403,0.476646002033658,0.2872141761724806,0.11932902038097382,0.03480013981461525,0.02532938905060291,0.6428106322922243,0.6931147468689438,0.7324392902815774,0.365559162461716,0.2449877377313715,0.11769506931304932,0.0342304177582264,0.024614708498120308,0.6569699039606132,0.7072843393689212,0.7378600289084949,1.1968039799983567,0.5946328199880142,0.3822154879570007,0.08146508634090424,0.050131932646036145,0.18231896374732284,0.5075486815690333,0.6362811168470024
composed_00977,0.8595194188228489,0.45345468181865006,0.5272411286830903,0.18486882299184798,0.15390269309282303,0.48759733721461335,0.6204445845958144,0.7049579121763383,0.6156889833524046,0.35056104459728415,0.516263335943222,0.1676945872604847,0.13143482245504856,0.18237956160852237,0.4462267696584315,0.5447112149578814,0.8979326445307022,0.47458001535705957,0.5460519284009934,0.1867523178458214,0.15349626764655114,0.4272434219977037,0.5755428977042456,0.6619671824504431,0.7647744223565907,0.3908864652857618,0.4022590398788452,0.15204800218343734,0.1264892414212227,0.4415904157523526,0.5249170959919108,0.5959136771606616,0.20182322367863384,0.13301237175786382,0.2886201173067093,0.11237953640520573,0.09629884883761405,0.7266461818510056,0.7713797505438237,0.7935702471112129,0.19233981128527494,0.12716954702433494,0.2697715684771538,0.10579141303896904,0.0896981529891491,0.734421088867881,0.7671626917443191,0.7882814337025417,0.22726527463223006,0.14198116993178486,0.2655168443918228,0.10031808353960514,0.08401295691728591,0.7404067299749975,0.7868956111519001,0.8114179114400153,0.23931848470506487,0.14857778768147858,0.2685034215450287,0.10013081692159176,0.0836899571120739,0.737359329994721,0.7861932520337727,0.8104311059199489,0.7135287049692528,0.39126281313597716,0.4594908058643341,0.1338845320045948,0.10142661854624749,0.27526242133581513,0.5886042961543967,0.6792199105462947
composed_00978,0.2427638599379102,0.09140479015877656,0.014055664092302323,0.002953124977648258,0.0015567931812256574,0.8725977712383285,0.8753222288651126,0.868365925558747,0.5024877945413972,0.35258217530131086,0.09829508326947689,0.024940109346061945,0.016052385792136192,0.1666806182872998,0.4364229368812605,0.49429154635113837,0.1867172414034711,0.0734700262861259,0.022772786766290666,0.00415362548083067,0.001868438720703125,0.7682359240248566,0.7602331900314269,0.7604015326181078,0.2802882159355918,0.11030399450270967,0.05729980543255806,0.018788878992199897,0.014334793202579021,0.7202346787996341,0.7349154101117703,0.7444389819675246,0.3993447314795689,0.2599922006537231,0.011740966513752938,0.0023966369684785605,0.001221911096945405,0.891941309256992,0.8903348015588308,0.8849628864277594,0.3356950748002688,0.23347707873832643,0.009982014913111925,0.0020121764857321976,0.001040428166743368,0.9075827496085627,0.9064791102223072,0.901891524159273,0.41474935619872577,0.26357055994757855,0.011674072034657002,0.002297902409918606,0.001132199598941952,0.8899294755949512,0.8892688906915212,0.8837110534203305,0.481149465806948,0.2834777755109444,0.013562255725264549,0.0027884623501449823,0.001424252800643444,0.8782637396072099,0.8811742970557986,0.8751924467523416,0.6612768587418434,0.3757268429195711,0.09597786515951157,0.01909008789807558,0.009940536692738533,0.28492334875171005,0.7078543470158895,0.7615418670317208
composed_00982,0.8518548291598979,0.35320068039376984,0.1549221992492676,0.06465610563755035,0.056238768994808196,0.7550896695198243,0.8377158783865403,0.8631949360947015,0.4404702609573419,0.2954013788874729,0.24354756623506546,0.057404632680118084,0.035684287548065186,0.17893217103500936,0.48479569457927285,0.5966049996400526,0.9230363779058688,0.3831240554840832,0.17602660953998567,0.06675513684749604,0.05606559962034226,0.6771485333453553,0.7670659184458966,0.7952976735129159,0.9345667397436447,0.29299089724519606,0.16993277966976167,0.05672239139676094,0.04333416223526001,0.5539298279471658,0.6455876637185909,0.7019950326151523,0.2798228615172666,0.13091685946044038,0.04958577528595924,0.020363281294703484,0.01854947376996279,0.8711335338026387,0.8833474192884676,0.889590514037673,0.18171814567683578,0.12006670720111891,0.043846191465854646,0.017205973342061042,0.01565436292439699,0.8865953729333678,0.9018012930369101,0.911122783681049,0.3316028954799314,0.1515509419655042,0.05105932652950287,0.019554026238620282,0.017455950379371643,0.8642094756178393,0.8816672640319885,0.8907221512742911,0.2695914712239285,0.1425913909578125,0.047768880426883695,0.017477193102240562,0.015375524014234542,0.8734395280110478,0.892510001946855,0.9040227048668665,1.092883965946649,0.40121827795079,0.256831219792366,0.05539487674832344,0.03371075913310051,0.2718091684050709,0.6682359648784421,0.7754371376854279
composed_00983,2.564042206752171,0.6183077925580908,1.3694088792894035,0.6031785763101652,0.548959153809119,0.5336007247184185,0.6559643188082138,0.7140350289863742,0.8252245840090843,0.4072163039443229,0.44699279963970184,0.18800880387425423,0.17729830369353294,0.18798470483002788,0.40490855286738425,0.4825579663602794,2.477555142478945,0.6082255849062292,1.3299990389496088,0.5830706555163487,0.5331813707365655,0.45311518558069713,0.5390332412221147,0.5752025958071194,3.743155134145418,0.7373776235684786,0.5073470078408718,0.2319450495764613,0.21246657704468816,0.307009811929386,0.38713360796754237,0.4459605815686968,1.2479805927824352,0.48558076893839813,0.2652768577914685,0.12110827590804547,0.11717881119111553,0.6406224962978487,0.7669832265507107,0.8170676279507492,0.8830616731285484,0.4407597433461031,0.25472811246290805,0.11666429466567933,0.1129049306095112,0.6488562002551519,0.7703281686100272,0.8111008031891676,1.3620101309014558,0.4965241555631345,0.2716432265471667,0.11819622752955183,0.11384031180641614,0.6248378298845709,0.7510455109593266,0.8064391442719543,1.0999295519497316,0.4176068731561901,0.2647358402609825,0.11069525185739622,0.106245611369377,0.6384888603488742,0.7832752451517847,0.8153783256160956,2.616959231062268,0.7147628657539712,0.43256999403238294,0.160768573731184,0.14681887477636338,0.24643263680744357,0.5396381162610294,0.5934571150016174
composed_00986,1.576011329014293,0.560869649951616,0.3805803209543228,0.15240074433386325,0.14692349582910538,0.6395741614355939,0.7775696920986896,0.8325838398099876,1.2095860034699863,0.49232433411526305,0.2959761582314968,0.09036191180348396,0.06870659533888102,0.15781765956472135,0.40403498250734754,0.4657456816883208,1.6727716921148605,0.5961489976587371,0.3978023275732994,0.15405665151774883,0.14654381461441518,0.5544048560986747,0.6896758649400931,0.745201168373747,0.9949416935608218,0.2902542017462901,0.1521134465932846,0.05864265859127045,0.049501602351665494,0.5939911985992845,0.6425760130902194,0.7001057686409966,0.3219321118375027,0.18772335197607296,0.0723926592618227,0.02937741093337536,0.027847373485565187,0.8647207067204864,0.9099809225321884,0.9194626129807931,0.263133974939487,0.1803609319265484,0.07743937000632287,0.02938186638057232,0.027881502173841,0.8735207504861059,0.9144714439726396,0.9226788345636905,0.3197970147901304,0.19972173739929328,0.07889087051153183,0.029549448750913143,0.027835558541119097,0.8674768373364493,0.9190718022148421,0.9302286759053319,0.2843536013392786,0.18473963127458418,0.06773624643683433,0.02685948722064495,0.02534485124051571,0.8757222095326073,0.9137698316250601,0.9250687092533333,1.0203639378982716,0.4368725203008015,0.24688680171966554,0.06151701882481575,0.04016030095517635,0.29236317181747823,0.6808945904369355,0.7510727841513809
composed_00988,2.2404480111685308,0.7998101179240708,0.23861393705010414,0.0954773967154324,0.0765528729534708,0.32440107967115117,0.36023282439318804,0.38523079259412213,2.4935237989631296,0.8239889465583002,0.16198649071156979,0.05093221087008715,0.03628220851533115,0.09166360146641339,0.22447586499241362,0.2553461139862544,2.2928078158591005,0.8135617582211853,0.22683560773730277,0.08818011451512575,0.07015908804023638,0.27164128191908654,0.30619410647358347,0.333735827468734,2.3214013750990268,0.7950413783513055,0.13576936777681112,0.0490425206720829,0.03784135866444558,0.2543292038161393,0.28844095242405887,0.31356159670373407,0.7669866072248762,0.36854476464405994,0.028136474639177324,0.008810842013917863,0.006645663070958108,0.5076020491740993,0.5310175479953785,0.5420891783519569,0.6785698963173535,0.3627219935651295,0.02779305037111044,0.008799814921803772,0.00672941334778443,0.5240131603574654,0.5569975617877752,0.5634618321773768,1.2114836716751467,0.534117726819696,0.0416602373123169,0.01312533551827073,0.009717430209275336,0.48595465568262686,0.5304955882853589,0.558474609728117,0.9236864879409007,0.44419470704442837,0.030740559473633765,0.00929677349049598,0.006989842699840665,0.5012922972593186,0.5496723591874264,0.5699776341647536,2.3079462543802434,0.8259529679240618,0.19778532162308693,0.05288285259157419,0.03905281072948128,0.15463039144140583,0.33078225361256625,0.36595225791562064
composed_00989,1.2865166542956594,0.6853353409922798,2.4004136264324187,1.14929840862751,1.136131677031517,0.46350830615002137,0.6750251115942743,0.7682753741222555,1.2452234258927979,0.6883455412223031,0.9324664231389761,0.4067883831448853,0.38174061197787523,0.12191222463094192,0.32859282499578524,0.413789431774804,1.314226884901373,0.7002256505290392,2.4104372680187227,1.1487857133150101,1.1341310501098634,0.3632673683351547,0.5449795380253972,0.6391333773541448,0.8859651207847309,0.47359072388159296,0.31848469823598863,0.13916985727846623,0.13079436477273704,0.5245496856770825,0.5854157962803693,0.6328594075006112,0.6153139625313983,0.3742464887674096,0.07886987440288067,0.02926298966631293,0.02572978427633643,0.7181377940320962,0.7960127751206115,0.8121301562962575,0.5741635186502,0.33702758343074796,0.07015983052551747,0.026672912854701282,0.023523829272016884,0.7513853800561849,0.8139722232858002,0.826738956440861,0.6940880860161479,0.4018265344270864,0.08001928851008415,0.02984211277216673,0.026157915219664575,0.7147664133351068,0.7966047885643313,0.8140613792857836,0.674627939400495,0.3821777070669025,0.07977498322725296,0.030222483351826666,0.026754559949040413,0.7224765693187416,0.7969695761873667,0.8103563099201528,1.208924726182532,0.6763701907606737,0.43180476427078246,0.13559725731611252,0.11424710005521774,0.17057145022242898,0.5743247239124532,0.6737134115720652
composed_00991,1.1142089143507592,0.6018270371253331,0.8004412472248077,0.32482549659907817,0.2788081742823124,0.3814339742367713,0.5144956568686639,0.6007355421048154,,,,,,,,,1.1225260447913636,0.6088055229916454,0.7915144860744476,0.3160747054964304,0.26953843515366316,0.3348160144016319,0.4656863164300427,0.5493097804496908,1.165888011203847,0.6219417580843001,0.5698236420750618,0.234458976238966,0.2031717449426651,0.2814201737964113,0.3990659113181576,0.483374971382699,0.3354125090994374,0.195630319808253,0.33747753500938416,0.1364420983940363,0.11760663017630577,0.47669764253321106,0.5530266876786539,0.5957700984130072,0.18949538166224267,0.11733236088368254,0.2224759891629219,0.07863282337784767,0.061236625723540786,0.5438175928853276,0.6003661064918513,0.6236880196181586,0.38192222735300135,0.21001298188042047,0.2827695310115814,0.1056371048092842,0.08722952157258987,0.5151337028642491,0.5866543262396083,0.6342846839995275,0.4101943754282064,0.2204208605919855,0.27872387766838075,0.10317593291401864,0.08493774570524693,0.517973055923658,0.5911383985763506,0.6365144266481373,0.9702461100881332,0.5295850043974922,0.4815074861049652,0.15766107030212878,0.12606036923825742,0.19691354280656795,0.47445622292232886,0.5809205031743264
composed_00994,1.0503391068517378,0.599827326713091,0.26458911299705506,0.09933562129735947,0.09041175618767738,0.34441172303995315,0.4965116833705917,0.6170325253788307,,,,,,,,,1.085920817919139,0.6261844682219763,0.26931925415992736,0.09810029044747352,0.08830702900886536,0.2792435069585925,0.4204127183331085,0.5420892181969459,1.042178421554512,0.5332994471936471,0.15709000527858735,0.0549134936183691,0.04666780643165112,0.3584605442359428,0.4299205870651773,0.5156951814883091,0.34268210848759645,0.24949663707191597,0.08387003466486931,0.032260019797831774,0.0285334141459316,0.6582325079138714,0.6838120676410174,0.7032740180940835,0.5285708681080864,0.36958927189249957,0.09995646104216575,0.03825914617627859,0.03423409229144454,0.5973554039744601,0.6691631757343247,0.7084347867889614,0.4100916657568202,0.29217035816289555,0.08397062197327614,0.029938222281634806,0.02613954907283187,0.6641512650146937,0.7128606517351157,0.7379534344100683,0.4773695749591202,0.3357784971918615,0.08782169595360756,0.0322576193138957,0.028344866819679737,0.6410345596509359,0.7007934162972471,0.7296473976795416,0.9931625283457599,0.5872407016165,0.1889025866985321,0.0476776011288166,0.03453170005232096,0.17620801023639796,0.45865728389112564,0.5713943214711714
composed_00995,1.352578255996706,0.616049633648696,2.4198870420455934,0.8748652372509241,0.7109534176066518,0.2653717769724775,0.465399509440909,0.5391348741967426,1.289496670147795,0.5778372795675055,0.643923431634903,0.23634041473269463,0.19220060296356678,0.09165885103495434,0.258771535287874,0.3316857218455867,1.3466761575338864,0.6153495761102271,2.3999586544930933,0.8631489733234048,0.701520389597863,0.20913653707781227,0.3960556810702414,0.4682265970785718,1.616405882553865,0.6899904372189942,0.4221802592277527,0.1581012077629566,0.12756309704855084,0.1933316331117365,0.26986084481841555,0.3330208694060051,0.8326840952103186,0.4664413073186129,0.25397427901625635,0.09802687652409077,0.08199991881847382,0.3450068854195913,0.48537660674403965,0.5551185199251913,0.5622686361401454,0.33458358329831633,0.2832800291478634,0.09786199107766151,0.08105812398716808,0.4044216147462393,0.5381163615424238,0.5720947955586546,1.1382011715021958,0.5073831553714019,0.3464523024857044,0.10519069377332926,0.08432056149467826,0.3615475112640145,0.5236880758458063,0.5797912475756177,1.4168916270176537,0.5598228238558252,0.35428222864866254,0.11232755612581968,0.08893818072974682,0.3334914128127543,0.5013292412664352,0.5738528376309422,1.319035208461492,0.6082633941248998,0.5258356109261513,0.15267549976706504,0.11754579395055771,0.17098354370292412,0.4270833089534518,0.5182265298398077
composed_00996,0.2729408734017126,0.15331558774084933,0.048839029297232626,0.012329162377864123,0.007815394131466747,0.7545287656046531,0.776355977459569,0.7718179111613315,0.4327942054440905,0.3067796227518472,0.1658000722527504,0.03542771656066179,0.018199593294411898,0.17057448478423745,0.4332768293375961,0.49372810473581347,0.2594668397853001,0.14472323156098357,0.0653839498758316,0.014639933407306672,0.008414799999445676,0.662171568315291,0.7028894220747677,0.7008219876145058,0.3009211971232785,0.16806020213733744,0.08477986752986907,0.021523630991578103,0.012666028365492821,0.6021428560253976,0.6572045357586175,0.6726626107217821,0.2815473838147377,0.19768877748064648,0.038368244841694835,0.009545949473977088,0.0061748581007123,0.7961140332163009,0.8234653228923637,0.8193879529749566,0.2527821849629121,0.18305657699763098,0.03651294000446796,0.009057708829641343,0.0058937555644661185,0.8014718673908107,0.8295574763208577,0.8231363861996496,0.2792358068131035,0.19571803883785557,0.03702416978776455,0.009021738823503257,0.005779263796284795,0.801676495517716,0.8323074305246907,0.8289939936918941,0.26830323651251414,0.18988731385978214,0.03646614514291287,0.009013122320175171,0.00586655167862773,0.8032789024761863,0.8321246543698363,0.8272776648749598,0.5632623412371125,0.36181340358691894,0.16528303921222687,0.029398742690682413,0.012549774348735809,0.2712973144310665,0.6392943303529858,0.7021161695205581
AVERAGE,1.3555032548312675,0.5222238047736567,0.8315164420687194,0.3665621788347406,0.34297977170807176,0.5138160098419942,0.6302599660665799,0.6938588764257172,1.1434052069624594,0.5166028427056778,0.3935957606317419,0.13788740159097043,0.11434256154549957,0.13948092511252191,0.3679902758622506,0.44746963238142595,1.3958307758057005,0.5396804153344933,0.8357357050318803,0.36370696029958444,0.33916747959363946,0.43831553955483865,0.549549856000624,0.6125252271907188,1.2495769692418228,0.4612934307011356,0.28510222844247307,0.11589278071852667,0.10207327136736628,0.44598222778671404,0.5154605141452093,0.5726651185637999,0.5115399595028741,0.28679552114952633,0.12898582316802018,0.05184562593831548,0.04647771425046293,0.6888816298451309,0.7398289416008297,0.762900941956354,0.4477395113729046,0.2646441003415225,0.1268800920886653,0.04870812832643943,0.04351218007022648,0.7070671373229751,0.7626965842719056,0.7794253277528752,0.5979092229128901,0.3132274779756978,0.1361903361111347,0.05062356770271436,0.044802519162684414,0.6888962866226064,0.7544179047818621,0.7786435856304081,0.5772973474422628,0.30355954231479154,0.1296570336206683,0.04912127942212725,0.04333314257757073,0.6913100938774988,0.7517695001811794,0.7762297590565996,1.2923083842343743,0.55764217673256,0.3494788249582052,0.10366830246389977,0.08285474456879975,0.21766987875179827,0.5443633232028399,0.6317940130178837
